{
   "hits":[
      {
         "created_at":"2020-05-27T16:05:32.000Z",
         "title":"Guerrilla Public Service Redux (2017)",
         "url":"https://99percentinvisible.org/episode/guerrilla-public-service/",
         "author":"DerWOK",
         "points":421,
         "story_text":null,
         "comment_text":null,
         "num_comments":110,
         "story_id":null,
         "story_title":null,
         "story_url":null,
         "parent_id":null,
         "created_at_i":1590595532,
         "_tags":[
            "story",
            "author_DerWOK",
            "story_23325319"
         ],
         "objectID":"23325319",
         "_highlightResult":{
            "title":{
               "value":"Guerrilla Public Service \u003cem\u003eRedux\u003c/em\u003e (2017)",
               "matchLevel":"full",
               "fullyHighlighted":false,
               "matchedWords":[
                  "redux"
               ]
            },
            "url":{
               "value":"https://99percentinvisible.org/episode/guerrilla-public-service/",
               "matchLevel":"none",
               "matchedWords":[
                  
               ]
            },
            "author":{
               "value":"DerWOK",
               "matchLevel":"none",
               "matchedWords":[
                  
               ]
            }
         }
      },
      {
         "created_at":"2017-05-05T14:14:17.000Z",
         "title":"Build Yourself a Redux",
         "url":"https://zapier.com/engineering/how-to-build-redux/",
         "author":"jdeal",
         "points":395,
         "story_text":null,
         "comment_text":null,
         "num_comments":155,
         "story_id":null,
         "story_title":null,
         "story_url":null,
         "parent_id":null,
         "created_at_i":1493993657,
         "relevancy_score":7406,
         "_tags":[
            "story",
            "author_jdeal",
            "story_14273549"
         ],
         "objectID":"14273549",
         "_highlightResult":{
            "title":{
               "value":"Build Yourself a \u003cem\u003eRedux\u003c/em\u003e",
               "matchLevel":"full",
               "fullyHighlighted":false,
               "matchedWords":[
                  "redux"
               ]
            },
            "url":{
               "value":"https://zapier.com/engineering/how-to-build-\u003cem\u003eredux\u003c/em\u003e/",
               "matchLevel":"full",
               "fullyHighlighted":false,
               "matchedWords":[
                  "redux"
               ]
            },
            "author":{
               "value":"jdeal",
               "matchLevel":"none",
               "matchedWords":[
                  
               ]
            }
         }
      },
      {
         "created_at":"2021-06-06T21:58:18.000Z",
         "title":"The SaaS CTO Security Checklist Redux",
         "url":"https://www.goldfiglabs.com/guide/saas-cto-security-checklist/",
         "author":"vikrum",
         "points":395,
         "story_text":null,
         "comment_text":null,
         "num_comments":73,
         "story_id":null,
         "story_title":null,
         "story_url":null,
         "parent_id":null,
         "created_at_i":1623016698,
         "_tags":[
            "story",
            "author_vikrum",
            "story_27416736"
         ],
         "objectID":"27416736",
         "_highlightResult":{
            "title":{
               "value":"The SaaS CTO Security Checklist \u003cem\u003eRedux\u003c/em\u003e",
               "matchLevel":"full",
               "fullyHighlighted":false,
               "matchedWords":[
                  "redux"
               ]
            },
            "url":{
               "value":"https://www.goldfiglabs.com/guide/saas-cto-security-checklist/",
               "matchLevel":"none",
               "matchedWords":[
                  
               ]
            },
            "author":{
               "value":"vikrum",
               "matchLevel":"none",
               "matchedWords":[
                  
               ]
            }
         }
      },
      {
         "created_at":"2017-07-20T11:43:46.000Z",
         "title":"Things to learn in React before using Redux",
         "url":"https://www.robinwieruch.de/learn-react-before-using-redux/",
         "author":"callumlocke",
         "points":370,
         "story_text":null,
         "comment_text":null,
         "num_comments":104,
         "story_id":null,
         "story_title":null,
         "story_url":null,
         "parent_id":null,
         "created_at_i":1500551026,
         "relevancy_score":7554,
         "_tags":[
            "story",
            "author_callumlocke",
            "story_14811577"
         ],
         "objectID":"14811577",
         "_highlightResult":{
            "title":{
               "value":"Things to learn in React before using \u003cem\u003eRedux\u003c/em\u003e",
               "matchLevel":"full",
               "fullyHighlighted":false,
               "matchedWords":[
                  "redux"
               ]
            },
            "url":{
               "value":"https://www.robinwieruch.de/learn-react-before-using-\u003cem\u003eredux\u003c/em\u003e/",
               "matchLevel":"full",
               "fullyHighlighted":false,
               "matchedWords":[
                  "redux"
               ]
            },
            "author":{
               "value":"callumlocke",
               "matchLevel":"none",
               "matchedWords":[
                  
               ]
            }
         }
      },
      {
         "created_at":"2017-05-25T14:04:07.000Z",
         "title":"Show HN: ORY Editor – A rich editor for the browser, built with React and Redux",
         "url":"https://github.com/ory/editor?branch=master",
         "author":"jswizzard",
         "points":369,
         "story_text":null,
         "comment_text":null,
         "num_comments":98,
         "story_id":null,
         "story_title":null,
         "story_url":null,
         "parent_id":null,
         "created_at_i":1495721047,
         "relevancy_score":7447,
         "_tags":[
            "story",
            "author_jswizzard",
            "story_14417340",
            "show_hn"
         ],
         "objectID":"14417340",
         "_highlightResult":{
            "title":{
               "value":"Show HN: ORY Editor – A rich editor for the browser, built with React and \u003cem\u003eRedux\u003c/em\u003e",
               "matchLevel":"full",
               "fullyHighlighted":false,
               "matchedWords":[
                  "redux"
               ]
            },
            "url":{
               "value":"https://github.com/ory/editor?branch=master",
               "matchLevel":"none",
               "matchedWords":[
                  
               ]
            },
            "author":{
               "value":"jswizzard",
               "matchLevel":"none",
               "matchedWords":[
                  
               ]
            }
         }
      },
      {
         "created_at":"2021-05-11T00:10:04.000Z",
         "title":"Show HN: A 64-step drum sequencer I built using React and Redux",
         "url":"http://Sequencer64.com",
         "author":"drumnickydrum",
         "points":327,
         "story_text":null,
         "comment_text":null,
         "num_comments":122,
         "story_id":null,
         "story_title":null,
         "story_url":null,
         "parent_id":null,
         "created_at_i":1620691804,
         "_tags":[
            "story",
            "author_drumnickydrum",
            "story_27112573",
            "show_hn"
         ],
         "objectID":"27112573",
         "_highlightResult":{
            "title":{
               "value":"Show HN: A 64-step drum sequencer I built using React and \u003cem\u003eRedux\u003c/em\u003e",
               "matchLevel":"full",
               "fullyHighlighted":false,
               "matchedWords":[
                  "redux"
               ]
            },
            "url":{
               "value":"http://Sequencer64.com",
               "matchLevel":"none",
               "matchedWords":[
                  
               ]
            },
            "author":{
               "value":"drumnickydrum",
               "matchLevel":"none",
               "matchedWords":[
                  
               ]
            }
         }
      },
      {
         "created_at":"2016-06-12T21:06:59.000Z",
         "title":"A SoundCloud client in React and Redux",
         "url":"http://www.robinwieruch.de/the-soundcloud-client-in-react-redux/",
         "author":"rwieruch",
         "points":253,
         "story_text":null,
         "comment_text":null,
         "num_comments":69,
         "story_id":null,
         "story_title":null,
         "story_url":null,
         "parent_id":null,
         "created_at_i":1465765619,
         "relevancy_score":6774,
         "_tags":[
            "story",
            "author_rwieruch",
            "story_11890229"
         ],
         "objectID":"11890229",
         "_highlightResult":{
            "title":{
               "value":"A SoundCloud client in React and \u003cem\u003eRedux\u003c/em\u003e",
               "matchLevel":"full",
               "fullyHighlighted":false,
               "matchedWords":[
                  "redux"
               ]
            },
            "url":{
               "value":"http://www.robinwieruch.de/the-soundcloud-client-in-react-\u003cem\u003eredux\u003c/em\u003e/",
               "matchLevel":"full",
               "fullyHighlighted":false,
               "matchedWords":[
                  "redux"
               ]
            },
            "author":{
               "value":"rwieruch",
               "matchLevel":"none",
               "matchedWords":[
                  
               ]
            }
         }
      },
      {
         "created_at":"2014-11-21T01:33:31.000Z",
         "title":"Systemd redux: The end of Linux",
         "url":"http://blog.lusis.org/blog/2014/11/20/systemd-redux/",
         "author":"bcantrill",
         "points":235,
         "story_text":"",
         "comment_text":null,
         "num_comments":446,
         "story_id":null,
         "story_title":null,
         "story_url":null,
         "parent_id":null,
         "created_at_i":1416533611,
         "relevancy_score":5685,
         "_tags":[
            "story",
            "author_bcantrill",
            "story_8639317"
         ],
         "objectID":"8639317",
         "_highlightResult":{
            "title":{
               "value":"Systemd \u003cem\u003eredux\u003c/em\u003e: The end of Linux",
               "matchLevel":"full",
               "fullyHighlighted":false,
               "matchedWords":[
                  "redux"
               ]
            },
            "url":{
               "value":"http://blog.lusis.org/blog/2014/11/20/systemd-\u003cem\u003eredux\u003c/em\u003e/",
               "matchLevel":"full",
               "fullyHighlighted":false,
               "matchedWords":[
                  "redux"
               ]
            },
            "author":{
               "value":"bcantrill",
               "matchLevel":"none",
               "matchedWords":[
                  
               ]
            },
            "story_text":{
               "value":"",
               "matchLevel":"none",
               "matchedWords":[
                  
               ]
            }
         }
      },
      {
         "created_at":"2018-04-25T01:10:56.000Z",
         "title":"Redux – Not Dead Yet",
         "url":"http://blog.isquaredsoftware.com/2018/03/redux-not-dead-yet/",
         "author":"fagnerbrack",
         "points":228,
         "story_text":null,
         "comment_text":null,
         "num_comments":192,
         "story_id":null,
         "story_title":null,
         "story_url":null,
         "parent_id":null,
         "created_at_i":1524618656,
         "relevancy_score":8091,
         "_tags":[
            "story",
            "author_fagnerbrack",
            "story_16918003"
         ],
         "objectID":"16918003",
         "_highlightResult":{
            "title":{
               "value":"\u003cem\u003eRedux\u003c/em\u003e – Not Dead Yet",
               "matchLevel":"full",
               "fullyHighlighted":false,
               "matchedWords":[
                  "redux"
               ]
            },
            "url":{
               "value":"http://blog.isquaredsoftware.com/2018/03/\u003cem\u003eredux\u003c/em\u003e-not-dead-yet/",
               "matchLevel":"full",
               "fullyHighlighted":false,
               "matchedWords":[
                  "redux"
               ]
            },
            "author":{
               "value":"fagnerbrack",
               "matchLevel":"none",
               "matchedWords":[
                  
               ]
            }
         }
      },
      {
         "created_at":"2017-04-26T12:53:32.000Z",
         "title":"Golang SSH Redux",
         "url":"https://bridge.grumpy-troll.org/2017/04/golang-ssh-redux/",
         "author":"EdiX",
         "points":213,
         "story_text":null,
         "comment_text":null,
         "num_comments":42,
         "story_id":null,
         "story_title":null,
         "story_url":null,
         "parent_id":null,
         "created_at_i":1493211212,
         "relevancy_score":7392,
         "_tags":[
            "story",
            "author_EdiX",
            "story_14202520"
         ],
         "objectID":"14202520",
         "_highlightResult":{
            "title":{
               "value":"Golang SSH \u003cem\u003eRedux\u003c/em\u003e",
               "matchLevel":"full",
               "fullyHighlighted":false,
               "matchedWords":[
                  "redux"
               ]
            },
            "url":{
               "value":"https://bridge.grumpy-troll.org/2017/04/golang-ssh-\u003cem\u003eredux\u003c/em\u003e/",
               "matchLevel":"full",
               "fullyHighlighted":false,
               "matchedWords":[
                  "redux"
               ]
            },
            "author":{
               "value":"EdiX",
               "matchLevel":"none",
               "matchedWords":[
                  
               ]
            }
         }
      },
      {
         "created_at":"2018-08-18T12:20:23.000Z",
         "title":"Redux vs. The React Context API",
         "url":"https://daveceddia.com/context-api-vs-redux/",
         "author":"wheresvic1",
         "points":207,
         "story_text":null,
         "comment_text":null,
         "num_comments":73,
         "story_id":null,
         "story_title":null,
         "story_url":null,
         "parent_id":null,
         "created_at_i":1534594823,
         "relevancy_score":8306,
         "_tags":[
            "story",
            "author_wheresvic1",
            "story_17788140"
         ],
         "objectID":"17788140",
         "_highlightResult":{
            "title":{
               "value":"\u003cem\u003eRedux\u003c/em\u003e vs. The React Context API",
               "matchLevel":"full",
               "fullyHighlighted":false,
               "matchedWords":[
                  "redux"
               ]
            },
            "url":{
               "value":"https://daveceddia.com/context-api-vs-\u003cem\u003eredux\u003c/em\u003e/",
               "matchLevel":"full",
               "fullyHighlighted":false,
               "matchedWords":[
                  "redux"
               ]
            },
            "author":{
               "value":"wheresvic1",
               "matchLevel":"none",
               "matchedWords":[
                  
               ]
            }
         }
      },
      {
         "created_at":"2016-01-20T19:53:07.000Z",
         "title":"Why React/Redux is inferior as a paradigm",
         "url":"http://staltz.com/why-react-redux-is-an-inferior-paradigm.html",
         "author":"scottcorgan",
         "points":198,
         "story_text":null,
         "comment_text":null,
         "num_comments":143,
         "story_id":null,
         "story_title":null,
         "story_url":null,
         "parent_id":null,
         "created_at_i":1453319587,
         "relevancy_score":6505,
         "_tags":[
            "story",
            "author_scottcorgan",
            "story_10940845"
         ],
         "objectID":"10940845",
         "_highlightResult":{
            "title":{
               "value":"Why React/\u003cem\u003eRedux\u003c/em\u003e is inferior as a paradigm",
               "matchLevel":"full",
               "fullyHighlighted":false,
               "matchedWords":[
                  "redux"
               ]
            },
            "url":{
               "value":"http://staltz.com/why-react-\u003cem\u003eredux\u003c/em\u003e-is-an-inferior-paradigm.html",
               "matchLevel":"full",
               "fullyHighlighted":false,
               "matchedWords":[
                  "redux"
               ]
            },
            "author":{
               "value":"scottcorgan",
               "matchLevel":"none",
               "matchedWords":[
                  
               ]
            }
         }
      },
      {
         "created_at":"2015-07-05T07:25:42.000Z",
         "title":"Redux: Atomic Flux with Hot Reloading",
         "url":"https://github.com/gaearon/redux",
         "author":"monort",
         "points":186,
         "story_text":null,
         "comment_text":null,
         "num_comments":44,
         "story_id":null,
         "story_title":null,
         "story_url":null,
         "parent_id":null,
         "created_at_i":1436081142,
         "_tags":[
            "story",
            "author_monort",
            "story_9832825"
         ],
         "objectID":"9832825",
         "_highlightResult":{
            "title":{
               "value":"\u003cem\u003eRedux\u003c/em\u003e: Atomic Flux with Hot Reloading",
               "matchLevel":"full",
               "fullyHighlighted":false,
               "matchedWords":[
                  "redux"
               ]
            },
            "url":{
               "value":"https://github.com/gaearon/\u003cem\u003eredux\u003c/em\u003e",
               "matchLevel":"full",
               "fullyHighlighted":false,
               "matchedWords":[
                  "redux"
               ]
            },
            "author":{
               "value":"monort",
               "matchLevel":"none",
               "matchedWords":[
                  
               ]
            }
         }
      },
      {
         "created_at":"2016-02-18T08:05:33.000Z",
         "title":"Mern: Build JavaScript apps using React and Redux",
         "url":"http://mern.io/",
         "author":"sinkensabe",
         "points":175,
         "story_text":null,
         "comment_text":null,
         "num_comments":133,
         "story_id":null,
         "story_title":null,
         "story_url":null,
         "parent_id":null,
         "created_at_i":1455782733,
         "relevancy_score":6559,
         "_tags":[
            "story",
            "author_sinkensabe",
            "story_11124375"
         ],
         "objectID":"11124375",
         "_highlightResult":{
            "title":{
               "value":"Mern: Build JavaScript apps using React and \u003cem\u003eRedux\u003c/em\u003e",
               "matchLevel":"full",
               "fullyHighlighted":false,
               "matchedWords":[
                  "redux"
               ]
            },
            "url":{
               "value":"http://mern.io/",
               "matchLevel":"none",
               "matchedWords":[
                  
               ]
            },
            "author":{
               "value":"sinkensabe",
               "matchLevel":"none",
               "matchedWords":[
                  
               ]
            }
         }
      },
      {
         "created_at":"2016-10-27T14:50:06.000Z",
         "title":"Django React/Redux Base Project",
         "url":"https://github.com/Seedstars/django-react-redux-base",
         "author":"pergomes",
         "points":175,
         "story_text":null,
         "comment_text":null,
         "num_comments":75,
         "story_id":null,
         "story_title":null,
         "story_url":null,
         "parent_id":null,
         "created_at_i":1477579806,
         "relevancy_score":7043,
         "_tags":[
            "story",
            "author_pergomes",
            "story_12805514"
         ],
         "objectID":"12805514",
         "_highlightResult":{
            "title":{
               "value":"Django React/\u003cem\u003eRedux\u003c/em\u003e Base Project",
               "matchLevel":"full",
               "fullyHighlighted":false,
               "matchedWords":[
                  "redux"
               ]
            },
            "url":{
               "value":"https://github.com/Seedstars/django-react-\u003cem\u003eredux\u003c/em\u003e-base",
               "matchLevel":"full",
               "fullyHighlighted":false,
               "matchedWords":[
                  "redux"
               ]
            },
            "author":{
               "value":"pergomes",
               "matchLevel":"none",
               "matchedWords":[
                  
               ]
            }
         }
      },
      {
         "created_at":"2017-03-30T14:55:40.000Z",
         "title":"Show HN: Redux Offline – Build Offline-First Apps for Web and React Native",
         "url":"https://github.com/jevakallio/redux-offline",
         "author":"thekenwheeler",
         "points":174,
         "story_text":null,
         "comment_text":null,
         "num_comments":41,
         "story_id":null,
         "story_title":null,
         "story_url":null,
         "parent_id":null,
         "created_at_i":1490885740,
         "relevancy_score":7338,
         "_tags":[
            "story",
            "author_thekenwheeler",
            "story_13995891",
            "show_hn"
         ],
         "objectID":"13995891",
         "_highlightResult":{
            "title":{
               "value":"Show HN: \u003cem\u003eRedux\u003c/em\u003e Offline – Build Offline-First Apps for Web and React Native",
               "matchLevel":"full",
               "fullyHighlighted":false,
               "matchedWords":[
                  "redux"
               ]
            },
            "url":{
               "value":"https://github.com/jevakallio/\u003cem\u003eredux\u003c/em\u003e-offline",
               "matchLevel":"full",
               "fullyHighlighted":false,
               "matchedWords":[
                  "redux"
               ]
            },
            "author":{
               "value":"thekenwheeler",
               "matchLevel":"none",
               "matchedWords":[
                  
               ]
            }
         }
      },
      {
         "created_at":"2016-11-22T17:17:18.000Z",
         "title":"Katana – Modern Swift framework for creating iOS apps, inspired by React/Redux",
         "url":"https://github.com/BendingSpoons/katana-swift",
         "author":"Feanim",
         "points":162,
         "story_text":null,
         "comment_text":null,
         "num_comments":52,
         "story_id":null,
         "story_title":null,
         "story_url":null,
         "parent_id":null,
         "created_at_i":1479835038,
         "relevancy_score":7096,
         "_tags":[
            "story",
            "author_Feanim",
            "story_13015581"
         ],
         "objectID":"13015581",
         "_highlightResult":{
            "title":{
               "value":"Katana – Modern Swift framework for creating iOS apps, inspired by React/\u003cem\u003eRedux\u003c/em\u003e",
               "matchLevel":"full",
               "fullyHighlighted":false,
               "matchedWords":[
                  "redux"
               ]
            },
            "url":{
               "value":"https://github.com/BendingSpoons/katana-swift",
               "matchLevel":"none",
               "matchedWords":[
                  
               ]
            },
            "author":{
               "value":"Feanim",
               "matchLevel":"none",
               "matchedWords":[
                  
               ]
            }
         }
      },
      {
         "created_at":"2021-07-24T09:39:12.000Z",
         "title":"Rust for Linux redux",
         "url":"https://lwn.net/Articles/862018/",
         "author":"akvadrako",
         "points":161,
         "story_text":null,
         "comment_text":null,
         "num_comments":204,
         "story_id":null,
         "story_title":null,
         "story_url":null,
         "parent_id":null,
         "created_at_i":1627119552,
         "_tags":[
            "story",
            "author_akvadrako",
            "story_27939498"
         ],
         "objectID":"27939498",
         "_highlightResult":{
            "title":{
               "value":"Rust for Linux \u003cem\u003eredux\u003c/em\u003e",
               "matchLevel":"full",
               "fullyHighlighted":false,
               "matchedWords":[
                  "redux"
               ]
            },
            "url":{
               "value":"https://lwn.net/Articles/862018/",
               "matchLevel":"none",
               "matchedWords":[
                  
               ]
            },
            "author":{
               "value":"akvadrako",
               "matchLevel":"none",
               "matchedWords":[
                  
               ]
            }
         }
      },
      {
         "created_at":"2016-05-02T22:15:56.000Z",
         "title":"Relax – A New Generation CMS on Top of React, Redux, and GraphQL",
         "url":"http://getrelax.io/",
         "author":"nikolay",
         "points":149,
         "story_text":null,
         "comment_text":null,
         "num_comments":58,
         "story_id":null,
         "story_title":null,
         "story_url":null,
         "parent_id":null,
         "created_at_i":1462227356,
         "relevancy_score":6707,
         "_tags":[
            "story",
            "author_nikolay",
            "story_11616155"
         ],
         "objectID":"11616155",
         "_highlightResult":{
            "title":{
               "value":"Relax – A New Generation CMS on Top of React, \u003cem\u003eRedux\u003c/em\u003e, and GraphQL",
               "matchLevel":"full",
               "fullyHighlighted":false,
               "matchedWords":[
                  "redux"
               ]
            },
            "url":{
               "value":"http://getrelax.io/",
               "matchLevel":"none",
               "matchedWords":[
                  
               ]
            },
            "author":{
               "value":"nikolay",
               "matchLevel":"none",
               "matchedWords":[
                  
               ]
            }
         }
      },
      {
         "created_at":"2013-12-11T05:56:48.000Z",
         "title":"Call me maybe: Redis redux",
         "url":"http://aphyr.com/posts/307-call-me-maybe-redis-redux",
         "author":"llambda",
         "points":144,
         "story_text":null,
         "comment_text":null,
         "num_comments":23,
         "story_id":null,
         "story_title":null,
         "story_url":null,
         "parent_id":null,
         "created_at_i":1386741408,
         "relevancy_score":5027,
         "_tags":[
            "story",
            "author_llambda",
            "story_6886142"
         ],
         "objectID":"6886142",
         "_highlightResult":{
            "title":{
               "value":"Call me maybe: Redis \u003cem\u003eredux\u003c/em\u003e",
               "matchLevel":"full",
               "fullyHighlighted":false,
               "matchedWords":[
                  "redux"
               ]
            },
            "url":{
               "value":"http://aphyr.com/posts/307-call-me-maybe-redis-\u003cem\u003eredux\u003c/em\u003e",
               "matchLevel":"full",
               "fullyHighlighted":false,
               "matchedWords":[
                  "redux"
               ]
            },
            "author":{
               "value":"llambda",
               "matchLevel":"none",
               "matchedWords":[
                  
               ]
            }
         }
      }
   ],
   "nbHits":16153,
   "page":0,
   "nbPages":50,
   "hitsPerPage":20,
   "exhaustiveNbHits":true,
   "query":"redux",
   "params":"advancedSyntax=true\u0026analytics=true\u0026analyticsTags=backend\u0026query=redux",
   "processingTimeMS":5
}